order_group,total_spent,percentage_spent
1 order,41428,67.239056692581116
more than 1 order,16602,26.9456121273108